{
    "loss": 0.4604623019695282,
    "accuracy": 0.8319641351699829
}