{
    "loss": 0.46192699670791626,
    "accuracy": 0.8319641351699829
}